id,page,group,type,question,image,filename
on-the-rocks-001,1,On the Rocks,Straight Up,Will we be friends in ten years?,cards/on-the-rocks/on-the-rocks-001-straight-up.png,on-the-rocks-001-straight-up.png
on-the-rocks-002,2,On the Rocks,This Round's On Me,What personal demon are you in denial about?,cards/on-the-rocks/on-the-rocks-002-this-rounds-on-me.png,on-the-rocks-002-this-rounds-on-me.png
on-the-rocks-003,3,On the Rocks,Straight Up,"What’s something you think that I get away with, but that you never could?",cards/on-the-rocks/on-the-rocks-003-straight-up.png,on-the-rocks-003-straight-up.png
on-the-rocks-004,4,On the Rocks,Straight Up,What is something you like about me that other people just don’t appreciate?,cards/on-the-rocks/on-the-rocks-004-straight-up.png,on-the-rocks-004-straight-up.png
on-the-rocks-005,5,On the Rocks,Straight Up,Tell us about a time you set something in motion and left the fallout for others to deal with.,cards/on-the-rocks/on-the-rocks-005-straight-up.png,on-the-rocks-005-straight-up.png
on-the-rocks-006,6,On the Rocks,Make It a Double,What’s something you’ve always done— and only realized as an adult that it was weird?,cards/on-the-rocks/on-the-rocks-006-make-it-a-double.png,on-the-rocks-006-make-it-a-double.png
on-the-rocks-007,7,On the Rocks,Straight Up,"If you had to eat one delectable part of my delicious body, what part would you choose?",cards/on-the-rocks/on-the-rocks-007-straight-up.png,on-the-rocks-007-straight-up.png
on-the-rocks-008,8,On the Rocks,Straight Up,When was the last time you lost your cool? What happened? How do you feel about it now?,cards/on-the-rocks/on-the-rocks-008-straight-up.png,on-the-rocks-008-straight-up.png
on-the-rocks-009,9,On the Rocks,Make It a Double,Describe me in three words from a language that you do not speak well.,cards/on-the-rocks/on-the-rocks-009-make-it-a-double.png,on-the-rocks-009-make-it-a-double.png
on-the-rocks-010,10,On the Rocks,Straight Up,What’s a grand gesture you tried to save or repair a relationship?,cards/on-the-rocks/on-the-rocks-010-straight-up.png,on-the-rocks-010-straight-up.png
on-the-rocks-011,11,On the Rocks,This Round's On Me,"Have you ever been fired? If so, what for? If not, why not?",cards/on-the-rocks/on-the-rocks-011-this-rounds-on-me.png,on-the-rocks-011-this-rounds-on-me.png
on-the-rocks-012,12,On the Rocks,Straight Up,Our minds have traded bodies. What’s the first thing you’re going to do in my body?,cards/on-the-rocks/on-the-rocks-012-straight-up.png,on-the-rocks-012-straight-up.png
on-the-rocks-013,13,On the Rocks,Straight Up,What’s something you understand about your parents now that you’re grown up? Do they k k ? know you know?,cards/on-the-rocks/on-the-rocks-013-straight-up.png,on-the-rocks-013-straight-up.png
on-the-rocks-014,14,On the Rocks,Make It a Double,Describe a time when you really thought you might die.,cards/on-the-rocks/on-the-rocks-014-make-it-a-double.png,on-the-rocks-014-make-it-a-double.png
on-the-rocks-015,15,On the Rocks,Straight Up,Have you ever ghosted someone you were close with?,cards/on-the-rocks/on-the-rocks-015-straight-up.png,on-the-rocks-015-straight-up.png
on-the-rocks-016,16,On the Rocks,Straight Up,"Tell us what you wish you’d said during your last breakup, but didn’t.",cards/on-the-rocks/on-the-rocks-016-straight-up.png,on-the-rocks-016-straight-up.png
on-the-rocks-017,17,On the Rocks,This Round's On Me,What’s something about your personal hygiene that you could be more rigorous about?,cards/on-the-rocks/on-the-rocks-017-this-rounds-on-me.png,on-the-rocks-017-this-rounds-on-me.png
on-the-rocks-018,18,On the Rocks,This Round's On Me,Tell us what you do to annoy your partner on purpose.,cards/on-the-rocks/on-the-rocks-018-this-rounds-on-me.png,on-the-rocks-018-this-rounds-on-me.png
on-the-rocks-019,19,On the Rocks,Straight Up,What’s a place where you feel at home where I would absolutely not fit in?,cards/on-the-rocks/on-the-rocks-019-straight-up.png,on-the-rocks-019-straight-up.png
on-the-rocks-020,20,On the Rocks,Make It a Double,Tell us about a time you got more wasted than was advisable.,cards/on-the-rocks/on-the-rocks-020-make-it-a-double.png,on-the-rocks-020-make-it-a-double.png
on-the-rocks-021,21,On the Rocks,Straight Up,What is your worst coping mechanism? Defense mechanism?,cards/on-the-rocks/on-the-rocks-021-straight-up.png,on-the-rocks-021-straight-up.png
on-the-rocks-022,22,On the Rocks,Straight Up,"Assuming you were single, what would it take for you to get back together with your last ex?",cards/on-the-rocks/on-the-rocks-022-straight-up.png,on-the-rocks-022-straight-up.png
on-the-rocks-023,23,On the Rocks,Make It a Double,Do your best (or worst) impersonation of me. I promise to clap appreciatively.,cards/on-the-rocks/on-the-rocks-023-make-it-a-double.png,on-the-rocks-023-make-it-a-double.png
on-the-rocks-024,24,On the Rocks,Straight Up,Have you broken any bones? What happened? Did you hear the crack?,cards/on-the-rocks/on-the-rocks-024-straight-up.png,on-the-rocks-024-straight-up.png
on-the-rocks-025,25,On the Rocks,This Round's On Me,"What’s something that you do that you wonder if other people do too, but don’t know for certain?",cards/on-the-rocks/on-the-rocks-025-this-rounds-on-me.png,on-the-rocks-025-this-rounds-on-me.png
on-the-rocks-026,26,On the Rocks,Make It a Double,Write me a new dating app bio in three sentences or less.,cards/on-the-rocks/on-the-rocks-026-make-it-a-double.png,on-the-rocks-026-make-it-a-double.png
on-the-rocks-027,27,On the Rocks,Straight Up,I get a news alert that instantly makes me extremely happy—but no one else here cares. What’s the news?,cards/on-the-rocks/on-the-rocks-027-straight-up.png,on-the-rocks-027-straight-up.png
on-the-rocks-028,28,On the Rocks,This Round's On Me,What’s my greatest physical asset? Don’t be shy.,cards/on-the-rocks/on-the-rocks-028-this-rounds-on-me.png,on-the-rocks-028-this-rounds-on-me.png
on-the-rocks-029,29,On the Rocks,Straight Up,"If I could help you with one unpleasant task, what would it be? What makes me the right choice for the job?",cards/on-the-rocks/on-the-rocks-029-straight-up.png,on-the-rocks-029-straight-up.png
on-the-rocks-030,30,On the Rocks,Straight Up,Tell me about a disagreement we had--and how we resolved it. Has it made us stronger?,cards/on-the-rocks/on-the-rocks-030-straight-up.png,on-the-rocks-030-straight-up.png
on-the-rocks-031,31,On the Rocks,Straight Up,Tell us about a time you observed me lying to someone else. Was it the right thing to do?,cards/on-the-rocks/on-the-rocks-031-straight-up.png,on-the-rocks-031-straight-up.png
on-the-rocks-032,32,On the Rocks,Straight Up,We’re starting a business. What venture would we be most successful at as a pair?,cards/on-the-rocks/on-the-rocks-032-straight-up.png,on-the-rocks-032-straight-up.png
on-the-rocks-033,33,On the Rocks,This Round's On Me,Describe the last time you were out of control.,cards/on-the-rocks/on-the-rocks-033-this-rounds-on-me.png,on-the-rocks-033-this-rounds-on-me.png
on-the-rocks-034,34,On the Rocks,Straight Up,Have you ever dated a friend’s ex? Ever wanted to?,cards/on-the-rocks/on-the-rocks-034-straight-up.png,on-the-rocks-034-straight-up.png
on-the-rocks-035,35,On the Rocks,Make It a Double,Describe your worst bathroom- related disaster.,cards/on-the-rocks/on-the-rocks-035-make-it-a-double.png,on-the-rocks-035-make-it-a-double.png
on-the-rocks-036,36,On the Rocks,Straight Up,What have you borrowed from me and still not returned? Can I have it back right now?,cards/on-the-rocks/on-the-rocks-036-straight-up.png,on-the-rocks-036-straight-up.png
on-the-rocks-037,37,On the Rocks,Straight Up,Have you ever shared a piece of information that you realized too late was probably supposed to be a secret?,cards/on-the-rocks/on-the-rocks-037-straight-up.png,on-the-rocks-037-straight-up.png
on-the-rocks-038,38,On the Rocks,This Round's On Me,Tell us about a time you were shot down romantically.,cards/on-the-rocks/on-the-rocks-038-this-rounds-on-me.png,on-the-rocks-038-this-rounds-on-me.png
on-the-rocks-039,39,On the Rocks,Straight Up,"Of all the things we do together, what is the best thing we do together?",cards/on-the-rocks/on-the-rocks-039-straight-up.png,on-the-rocks-039-straight-up.png
on-the-rocks-040,40,On the Rocks,Make It a Double,I don’t know why you put up with me! Why do you keep me around?,cards/on-the-rocks/on-the-rocks-040-make-it-a-double.png,on-the-rocks-040-make-it-a-double.png
on-the-rocks-041,41,On the Rocks,Straight Up,What have I ruined for you?,cards/on-the-rocks/on-the-rocks-041-straight-up.png,on-the-rocks-041-straight-up.png
on-the-rocks-042,42,On the Rocks,Straight Up,"What did you get in major trouble for doing as a kid, and did you ever learn your lesson?",cards/on-the-rocks/on-the-rocks-042-straight-up.png,on-the-rocks-042-straight-up.png
on-the-rocks-043,43,On the Rocks,Make It a Double,"Name a time you could have helped someone, but didn’t bother.",cards/on-the-rocks/on-the-rocks-043-make-it-a-double.png,on-the-rocks-043-make-it-a-double.png
on-the-rocks-044,44,On the Rocks,Straight Up,What’s the worst thing you’ve ever had to do at work or school? How’d you handle it?,cards/on-the-rocks/on-the-rocks-044-straight-up.png,on-the-rocks-044-straight-up.png
on-the-rocks-045,45,On the Rocks,Straight Up,Have you ever sat back and watched me confidently do something incorrectly?,cards/on-the-rocks/on-the-rocks-045-straight-up.png,on-the-rocks-045-straight-up.png
on-the-rocks-046,46,On the Rocks,Straight Up,"What’s something you did for free as a favor, that in retrospect, you really wish you’d charged for?",cards/on-the-rocks/on-the-rocks-046-straight-up.png,on-the-rocks-046-straight-up.png
on-the-rocks-047,47,On the Rocks,Straight Up,"Do you ever pity laugh at my jokes, even if you don’t think they’re funny?",cards/on-the-rocks/on-the-rocks-047-straight-up.png,on-the-rocks-047-straight-up.png
on-the-rocks-048,48,On the Rocks,Straight Up,"If you could have any body part of mine (for aesthetic, not medical, reasons), what would it be?",cards/on-the-rocks/on-the-rocks-048-straight-up.png,on-the-rocks-048-straight-up.png
on-the-rocks-049,49,On the Rocks,Straight Up,"Would you ever see a band that you hated in concert, just to make me happy? Have you?",cards/on-the-rocks/on-the-rocks-049-straight-up.png,on-the-rocks-049-straight-up.png
on-the-rocks-050,50,On the Rocks,This Round's On Me,What are your vices? Have they gotten better or worse over time?,cards/on-the-rocks/on-the-rocks-050-this-rounds-on-me.png,on-the-rocks-050-this-rounds-on-me.png
on-the-rocks-051,51,On the Rocks,Straight Up,What interest have you given up due to a community you didn’t want to be a part of?,cards/on-the-rocks/on-the-rocks-051-straight-up.png,on-the-rocks-051-straight-up.png
on-the-rocks-052,52,On the Rocks,Straight Up,Tell us about a time you shot someone down romantically.,cards/on-the-rocks/on-the-rocks-052-straight-up.png,on-the-rocks-052-straight-up.png
on-the-rocks-053,53,On the Rocks,Straight Up,"If I were in a relationship with someone you hated, would you tell me?",cards/on-the-rocks/on-the-rocks-053-straight-up.png,on-the-rocks-053-straight-up.png
on-the-rocks-054,54,On the Rocks,Straight Up,Do you think I’m capable of doing something you could never forgive me for?,cards/on-the-rocks/on-the-rocks-054-straight-up.png,on-the-rocks-054-straight-up.png
on-the-rocks-055,55,On the Rocks,Straight Up,"Science has advanced, and now you and I are raising our five-year- old together. How are we doing? What is the kid like?",cards/on-the-rocks/on-the-rocks-055-straight-up.png,on-the-rocks-055-straight-up.png
on-the-rocks-056,56,On the Rocks,This Round's On Me,What’s a piece of pop culture that makes you suspicious of anyone who is a fan?,cards/on-the-rocks/on-the-rocks-056-this-rounds-on-me.png,on-the-rocks-056-this-rounds-on-me.png
on-the-rocks-057,57,On the Rocks,Straight Up,"If I killed somebody, under what circumstances would you help me cover it up?",cards/on-the-rocks/on-the-rocks-057-straight-up.png,on-the-rocks-057-straight-up.png
on-the-rocks-058,58,On the Rocks,Straight Up,Someone who’s never met me asks you what I’m like. How do you answer?,cards/on-the-rocks/on-the-rocks-058-straight-up.png,on-the-rocks-058-straight-up.png
on-the-rocks-059,59,On the Rocks,Straight Up,"If we were to meet for the first time today, would we become friends?",cards/on-the-rocks/on-the-rocks-059-straight-up.png,on-the-rocks-059-straight-up.png
on-the-rocks-060,60,On the Rocks,Make It a Double,"Have you ever stolen anything? What, and why? Do you still have it?",cards/on-the-rocks/on-the-rocks-060-make-it-a-double.png,on-the-rocks-060-make-it-a-double.png
on-the-rocks-061,61,On the Rocks,Straight Up,Has your ego ever gotten in the way of apologizing or patching up a fight? Did you ever resolve it?,cards/on-the-rocks/on-the-rocks-061-straight-up.png,on-the-rocks-061-straight-up.png
on-the-rocks-062,62,On the Rocks,Make It a Double,What was your most embarrassing moment that transpired in public? Let’s all relive it!,cards/on-the-rocks/on-the-rocks-062-make-it-a-double.png,on-the-rocks-062-make-it-a-double.png
on-the-rocks-063,63,On the Rocks,Straight Up,What is your favorite memory of our relationship?,cards/on-the-rocks/on-the-rocks-063-straight-up.png,on-the-rocks-063-straight-up.png
on-the-rocks-064,64,On the Rocks,Straight Up,What is (or would be) the worst thing about having me as a travel companion?,cards/on-the-rocks/on-the-rocks-064-straight-up.png,on-the-rocks-064-straight-up.png
on-the-rocks-065,65,On the Rocks,This Round's On Me,What’s a comment someone made about you that burned itself into your mind and forever altered your behavior?,cards/on-the-rocks/on-the-rocks-065-this-rounds-on-me.png,on-the-rocks-065-this-rounds-on-me.png
on-the-rocks-066,66,On the Rocks,Make It a Double,What’s something you avoid because you’re afraid you’ll enjoy it too much?,cards/on-the-rocks/on-the-rocks-066-make-it-a-double.png,on-the-rocks-066-make-it-a-double.png
on-the-rocks-067,67,On the Rocks,Straight Up,Do you think you are more or less attractive than the average person? Why?,cards/on-the-rocks/on-the-rocks-067-straight-up.png,on-the-rocks-067-straight-up.png
on-the-rocks-068,68,On the Rocks,Make It a Double,What’s your most expensive mistake?,cards/on-the-rocks/on-the-rocks-068-make-it-a-double.png,on-the-rocks-068-make-it-a-double.png
on-the-rocks-069,69,On the Rocks,Straight Up,We’re road tripping through the middle of nowhere. Do you have me drive or navigate?,cards/on-the-rocks/on-the-rocks-069-straight-up.png,on-the-rocks-069-straight-up.png
on-the-rocks-070,70,On the Rocks,Straight Up,Have you ever done something with the goal of impressing specifically me?,cards/on-the-rocks/on-the-rocks-070-straight-up.png,on-the-rocks-070-straight-up.png
on-the-rocks-071,71,On the Rocks,Make It a Double,What’s the biggest lie you’ve ever come up with to cancel plans?,cards/on-the-rocks/on-the-rocks-071-make-it-a-double.png,on-the-rocks-071-make-it-a-double.png
on-the-rocks-072,72,On the Rocks,Straight Up,How are we wrong for each other romantically?,cards/on-the-rocks/on-the-rocks-072-straight-up.png,on-the-rocks-072-straight-up.png
on-the-rocks-073,73,On the Rocks,This Round's On Me,What’s an offense you’ve committed that could get you fired from work?,cards/on-the-rocks/on-the-rocks-073-this-rounds-on-me.png,on-the-rocks-073-this-rounds-on-me.png
on-the-rocks-074,74,On the Rocks,Straight Up,Describe my perfect life partner. Have I been on the right track to find this person?,cards/on-the-rocks/on-the-rocks-074-straight-up.png,on-the-rocks-074-straight-up.png
on-the-rocks-075,75,On the Rocks,Straight Up,Which of us do you think has committed more crimes?,cards/on-the-rocks/on-the-rocks-075-straight-up.png,on-the-rocks-075-straight-up.png
on-the-rocks-076,76,On the Rocks,Make It a Double,Describe the first time we met. What was your honest first impression of me?,cards/on-the-rocks/on-the-rocks-076-make-it-a-double.png,on-the-rocks-076-make-it-a-double.png
on-the-rocks-077,77,On the Rocks,Straight Up,"If I listed you as my job reference, what would you say about me? Would it all be true?",cards/on-the-rocks/on-the-rocks-077-straight-up.png,on-the-rocks-077-straight-up.png
on-the-rocks-078,78,On the Rocks,Make It a Double,What have you learned from me?,cards/on-the-rocks/on-the-rocks-078-make-it-a-double.png,on-the-rocks-078-make-it-a-double.png
on-the-rocks-079,79,On the Rocks,Make It a Double,How would your life be worse if we had never met?,cards/on-the-rocks/on-the-rocks-079-make-it-a-double.png,on-the-rocks-079-make-it-a-double.png
on-the-rocks-080,80,On the Rocks,Straight Up,How long did it take you to get over your last ex? What did you do to get over it? Are you actually over it?,cards/on-the-rocks/on-the-rocks-080-straight-up.png,on-the-rocks-080-straight-up.png
on-the-rocks-081,81,On the Rocks,Straight Up,Have you ever just let me win?,cards/on-the-rocks/on-the-rocks-081-straight-up.png,on-the-rocks-081-straight-up.png
on-the-rocks-082,82,On the Rocks,This Round's On Me,"What’s a habit, compulsion, or relationship you wish you could quit?",cards/on-the-rocks/on-the-rocks-082-this-rounds-on-me.png,on-the-rocks-082-this-rounds-on-me.png
on-the-rocks-083,83,On the Rocks,Straight Up,"What’s something I talked you out of doing, and it was the right call?",cards/on-the-rocks/on-the-rocks-083-straight-up.png,on-the-rocks-083-straight-up.png
on-the-rocks-084,84,On the Rocks,Straight Up,Who’s the smartest person here? Make your case.,cards/on-the-rocks/on-the-rocks-084-straight-up.png,on-the-rocks-084-straight-up.png
on-the-rocks-085,85,On the Rocks,Straight Up,When was the last timeyou cried? What happened?,cards/on-the-rocks/on-the-rocks-085-straight-up.png,on-the-rocks-085-straight-up.png
on-the-rocks-086,86,On the Rocks,Make It a Double,What do you wish you were as good at as me?,cards/on-the-rocks/on-the-rocks-086-make-it-a-double.png,on-the-rocks-086-make-it-a-double.png
on-the-rocks-087,87,On the Rocks,Straight Up,You and I are dating. What’s going to break us up?,cards/on-the-rocks/on-the-rocks-087-straight-up.png,on-the-rocks-087-straight-up.png
on-the-rocks-088,88,On the Rocks,Straight Up,Was your childhood happier than the average person’s?,cards/on-the-rocks/on-the-rocks-088-straight-up.png,on-the-rocks-088-straight-up.png
on-the-rocks-089,89,On the Rocks,Straight Up,What’s something you’re self-conscious about? Are you working on it?,cards/on-the-rocks/on-the-rocks-089-straight-up.png,on-the-rocks-089-straight-up.png
on-the-rocks-090,90,On the Rocks,This Round's On Me,Have you been blocked by any celebrities on social media? Tell us the story!,cards/on-the-rocks/on-the-rocks-090-this-rounds-on-me.png,on-the-rocks-090-this-rounds-on-me.png
on-the-rocks-091,91,On the Rocks,Straight Up,Every friendship involves give-and-take. Which one am I?,cards/on-the-rocks/on-the-rocks-091-straight-up.png,on-the-rocks-091-straight-up.png
on-the-rocks-092,92,On the Rocks,Make It a Double,"If I didn’t have my current job, what do you see me doing?",cards/on-the-rocks/on-the-rocks-092-make-it-a-double.png,on-the-rocks-092-make-it-a-double.png
on-the-rocks-093,93,On the Rocks,Straight Up,"If someone important to you said they’d stop seeing you unless you stopped seeing me, would you?",cards/on-the-rocks/on-the-rocks-093-straight-up.png,on-the-rocks-093-straight-up.png
on-the-rocks-094,94,On the Rocks,Straight Up,What’s the longest period of time you could share a hotel room with me before never wanting to see me again?,cards/on-the-rocks/on-the-rocks-094-straight-up.png,on-the-rocks-094-straight-up.png
on-the-rocks-095,95,On the Rocks,Straight Up,Have you ever seen me charm my way out of trouble?,cards/on-the-rocks/on-the-rocks-095-straight-up.png,on-the-rocks-095-straight-up.png
on-the-rocks-096,96,On the Rocks,This Round's On Me,Tell us about a secret you had to keep from your loved ones.,cards/on-the-rocks/on-the-rocks-096-this-rounds-on-me.png,on-the-rocks-096-this-rounds-on-me.png
on-the-rocks-097,97,On the Rocks,Straight Up,What would you never hire me to do?,cards/on-the-rocks/on-the-rocks-097-straight-up.png,on-the-rocks-097-straight-up.png
on-the-rocks-098,98,On the Rocks,Straight Up,Describe a time when you really disappointed someone. Did you ever earn back their trust?,cards/on-the-rocks/on-the-rocks-098-straight-up.png,on-the-rocks-098-straight-up.png
on-the-rocks-099,99,On the Rocks,Make It a Double,"If I were a chain restaurant, which one would I be and why?",cards/on-the-rocks/on-the-rocks-099-make-it-a-double.png,on-the-rocks-099-make-it-a-double.png
last-call-001,109,Last Call,Straight Up,"What problem do I think I’m successfully hiding from everyone, but is actually completely obvious?",cards/last-call/last-call-001-straight-up.png,last-call-001-straight-up.png
last-call-002,110,Last Call,Make It a Double,Tell us about a loophole you exploited until you got caught.,cards/last-call/last-call-002-make-it-a-double.png,last-call-002-make-it-a-double.png
last-call-003,111,Last Call,Straight Up,How many kids is too many kids? How many will you have?,cards/last-call/last-call-003-straight-up.png,last-call-003-straight-up.png
last-call-004,112,Last Call,Straight Up,What animal am I most like? Describe how this species and I are similar.,cards/last-call/last-call-004-straight-up.png,last-call-004-straight-up.png
last-call-005,113,Last Call,Straight Up,How comfortable are we with one another? Give us an example.,cards/last-call/last-call-005-straight-up.png,last-call-005-straight-up.png
last-call-006,114,Last Call,This Round's On Me,"Is there a seemingly normal rule of society that you have never, ever followed?",cards/last-call/last-call-006-this-rounds-on-me.png,last-call-006-this-rounds-on-me.png
last-call-007,115,Last Call,Straight Up,"If someone were interested in dating me, what story would you tell them to see if they can handle me?",cards/last-call/last-call-007-straight-up.png,last-call-007-straight-up.png
last-call-008,116,Last Call,Straight Up,"If we were dying of thirst, how would we ration the last bottle of water between all of us here?",cards/last-call/last-call-008-straight-up.png,last-call-008-straight-up.png
last-call-009,117,Last Call,Make It a Double,What’s the meanest thing you’ve seen me do?,cards/last-call/last-call-009-make-it-a-double.png,last-call-009-make-it-a-double.png
last-call-010,118,Last Call,Straight Up,"Have you ever pretended to be someone else online? Who is this alter ego, and were you ever found out?",cards/last-call/last-call-010-straight-up.png,last-call-010-straight-up.png
last-call-011,119,Last Call,Straight Up,"Am I your type? What would I have to do to become more your type? I’m not hitting on you, we’re just talking.",cards/last-call/last-call-011-straight-up.png,last-call-011-straight-up.png
last-call-012,120,Last Call,Straight Up,What is something you’re struggling with that we don’t know about?,cards/last-call/last-call-012-straight-up.png,last-call-012-straight-up.png
last-call-013,121,Last Call,Straight Up,"What do I think I’m great at, but I’m actually thoroughly average at?",cards/last-call/last-call-013-straight-up.png,last-call-013-straight-up.png
last-call-014,122,Last Call,This Round's On Me,What’s the most terrible thing you’ve ever done for money?,cards/last-call/last-call-014-this-rounds-on-me.png,last-call-014-this-rounds-on-me.png
last-call-015,123,Last Call,Straight Up,Have you ever intentionally scammed someone or misled them for personal gain?,cards/last-call/last-call-015-straight-up.png,last-call-015-straight-up.png
last-call-016,124,Last Call,Straight Up,What am I stubborn about that’s making my life miserable?,cards/last-call/last-call-016-straight-up.png,last-call-016-straight-up.png
last-call-017,125,Last Call,Make It a Double,Your Google history has been made public. Which search is the hardest to explain?,cards/last-call/last-call-017-make-it-a-double.png,last-call-017-make-it-a-double.png
last-call-018,126,Last Call,Straight Up,"Have you ever talked about me behind my back? If yes, what did you say?",cards/last-call/last-call-018-straight-up.png,last-call-018-straight-up.png
last-call-019,127,Last Call,Straight Up,Name a time you wished you could have helped me. What would you have done?,cards/last-call/last-call-019-straight-up.png,last-call-019-straight-up.png
last-call-020,128,Last Call,Straight Up,Tell us about a time you deliberately did something to provoke your partner.,cards/last-call/last-call-020-straight-up.png,last-call-020-straight-up.png
last-call-021,129,Last Call,Make It a Double,What advice do I need but don’t want to hear?,cards/last-call/last-call-021-make-it-a-double.png,last-call-021-make-it-a-double.png
last-call-022,130,Last Call,Straight Up,Are there certain situations with me you avoid on purpose?,cards/last-call/last-call-022-straight-up.png,last-call-022-straight-up.png
last-call-023,131,Last Call,Straight Up,When was the last time you lied to me? What was the lie?,cards/last-call/last-call-023-straight-up.png,last-call-023-straight-up.png
last-call-024,132,Last Call,Straight Up,Would Adult Me be attractive to Teenage You?,cards/last-call/last-call-024-straight-up.png,last-call-024-straight-up.png
last-call-025,133,Last Call,This Round's On Me,What’s the most self-serving thing you’ve ever done?,cards/last-call/last-call-025-this-rounds-on-me.png,last-call-025-this-rounds-on-me.png
last-call-026,134,Last Call,Straight Up,Have you ever had a pregnancy scare?,cards/last-call/last-call-026-straight-up.png,last-call-026-straight-up.png
last-call-027,135,Last Call,Straight Up,Name a friend of mine you aren’t the biggest fan of. Is there anything you think I should reconsider about them?,cards/last-call/last-call-027-straight-up.png,last-call-027-straight-up.png
last-call-028,136,Last Call,Straight Up,When do I demand the most attention?,cards/last-call/last-call-028-straight-up.png,last-call-028-straight-up.png
last-call-029,137,Last Call,Make It a Double,What’s your greatest moment of telling someone off? Can you reenact it for us?,cards/last-call/last-call-029-make-it-a-double.png,last-call-029-make-it-a-double.png
last-call-030,138,Last Call,Straight Up,Have you ever had to apologize to someone for my behavior? Did the person accept the apology?,cards/last-call/last-call-030-straight-up.png,last-call-030-straight-up.png
last-call-031,139,Last Call,Straight Up,Have you ever had to apologize to someone for my behavior? Did the person accept the apology?,cards/last-call/last-call-031-straight-up.png,last-call-031-straight-up.png
last-call-032,140,Last Call,Straight Up,Describe a time you lost a little bit of respect for me.,cards/last-call/last-call-032-straight-up.png,last-call-032-straight-up.png
last-call-033,141,Last Call,Straight Up,What’s a fact I can never seem to remember about you?,cards/last-call/last-call-033-straight-up.png,last-call-033-straight-up.png
last-call-034,142,Last Call,Straight Up,"What’s something that’s definitely not my problem, but somehow always becomes my problem?",cards/last-call/last-call-034-straight-up.png,last-call-034-straight-up.png
last-call-035,143,Last Call,Straight Up,Have I ever done anything you think should have gotten me shitcanned?,cards/last-call/last-call-035-straight-up.png,last-call-035-straight-up.png
last-call-036,144,Last Call,This Round's On Me,Have you ever pooped yourself as an adult?,cards/last-call/last-call-036-this-rounds-on-me.png,last-call-036-this-rounds-on-me.png
last-call-037,145,Last Call,Straight Up,What’s the angriest you’ve ever been at me? What resolved it?,cards/last-call/last-call-037-straight-up.png,last-call-037-straight-up.png
last-call-038,146,Last Call,Make It a Double,What’s something you’re currently doing that you’ll stop if and only if you get caught?,cards/last-call/last-call-038-make-it-a-double.png,last-call-038-make-it-a-double.png
last-call-039,147,Last Call,Straight Up,Have you ever been genuinely scared of me?,cards/last-call/last-call-039-straight-up.png,last-call-039-straight-up.png
last-call-040,148,Last Call,Straight Up,"What would you never, ever want my help with?",cards/last-call/last-call-040-straight-up.png,last-call-040-straight-up.png
last-call-041,149,Last Call,Straight Up,"If we met up again after not seeing each other for five years, what’s the first thing we’d do together?",cards/last-call/last-call-041-straight-up.png,last-call-041-straight-up.png
last-call-042,150,Last Call,Make It a Double,What’s the shallowest reason you’ve ever swiped left on a dating profile?,cards/last-call/last-call-042-make-it-a-double.png,last-call-042-make-it-a-double.png
last-call-043,151,Last Call,Straight Up,What’s a bad habit that you picked up from me?,cards/last-call/last-call-043-straight-up.png,last-call-043-straight-up.png
last-call-044,152,Last Call,Straight Up,"How’s my drug and alcohol use? Do you think I could stand to do more, or less?",cards/last-call/last-call-044-straight-up.png,last-call-044-straight-up.png
last-call-045,153,Last Call,This Round's On Me,What will you never understand about me?,cards/last-call/last-call-045-this-rounds-on-me.png,last-call-045-this-rounds-on-me.png
last-call-046,154,Last Call,Straight Up,What’s something you learned from watching someone else fail spectacularly?,cards/last-call/last-call-046-straight-up.png,last-call-046-straight-up.png
last-call-047,155,Last Call,Straight Up,What’s the most annoying thing I do without realizing it?,cards/last-call/last-call-047-straight-up.png,last-call-047-straight-up.png
last-call-048,156,Last Call,Straight Up,"If you found out I’d been embezzling from work, would you rat me out?",cards/last-call/last-call-048-straight-up.png,last-call-048-straight-up.png
last-call-049,157,Last Call,Straight Up,Have you ever stabbed someone in the back or actively plotted against them?,cards/last-call/last-call-049-straight-up.png,last-call-049-straight-up.png
last-call-050,158,Last Call,This Round's On Me,What’s the weirdest thing about me?,cards/last-call/last-call-050-this-rounds-on-me.png,last-call-050-this-rounds-on-me.png
last-call-051,159,Last Call,Straight Up,"What’s the closest we’ve ever come to parting ways forever? Did we fix the problem, or are we in denial?",cards/last-call/last-call-051-straight-up.png,last-call-051-straight-up.png
last-call-052,160,Last Call,Make It a Double,"What’s something you know would make you a better person, but you just don’t want to do it?",cards/last-call/last-call-052-make-it-a-double.png,last-call-052-make-it-a-double.png
last-call-053,161,Last Call,Straight Up,Do you think I care more or less about my reputation than most people? What’s your evidence?,cards/last-call/last-call-053-straight-up.png,last-call-053-straight-up.png
last-call-054,162,Last Call,Straight Up,Rate my current outfit on a scale of 1-10. Is this better or worse than I usually look? Name a time you wished you could have helped me. What would you have done?,cards/last-call/last-call-054-straight-up.png,last-call-054-straight-up.png
last-call-055,163,Last Call,Straight Up,What percentage of the time do you think I’m completely full of shit?,cards/last-call/last-call-055-straight-up.png,last-call-055-straight-up.png
last-call-056,164,Last Call,Make It a Double,"If you were to kill me, how would you do it?",cards/last-call/last-call-056-make-it-a-double.png,last-call-056-make-it-a-double.png
last-call-057,165,Last Call,Straight Up,Have you ever caught me in a lie? Did you confront me about it? Why or why not?,cards/last-call/last-call-057-straight-up.png,last-call-057-straight-up.png
last-call-058,166,Last Call,Straight Up,What’s the most unhygienic thing you’ve ever seen me do?,cards/last-call/last-call-058-straight-up.png,last-call-058-straight-up.png
last-call-059,167,Last Call,Straight Up,Do any of your friends not like me?,cards/last-call/last-call-059-straight-up.png,last-call-059-straight-up.png
last-call-060,168,Last Call,Straight Up,"Where are we, and what are we doing, in ten years? Are we still on our bullshit?",cards/last-call/last-call-060-straight-up.png,last-call-060-straight-up.png
last-call-061,169,Last Call,This Round's On Me,How have you dishonored your parents?,cards/last-call/last-call-061-this-rounds-on-me.png,last-call-061-this-rounds-on-me.png
last-call-062,170,Last Call,Straight Up,Have you ever become attracted to someone solely because you thought they might be into you?,cards/last-call/last-call-062-straight-up.png,last-call-062-straight-up.png
last-call-063,171,Last Call,Make It a Double,What’s something I do that you hate?,cards/last-call/last-call-063-make-it-a-double.png,last-call-063-make-it-a-double.png
last-call-064,172,Last Call,This Round's On Me,What’s the most unreasonable thing you’ve ever completely lost your cool over?,cards/last-call/last-call-064-this-rounds-on-me.png,last-call-064-this-rounds-on-me.png
last-call-065,173,Last Call,Straight Up,What do you think I need to just let go of? How would my life improve if I did?,cards/last-call/last-call-065-straight-up.png,last-call-065-straight-up.png
last-call-066,174,Last Call,Straight Up,What’s the most egregious lie you’ve ever told me?,cards/last-call/last-call-066-straight-up.png,last-call-066-straight-up.png
last-call-067,175,Last Call,This Round's On Me,What’s a problem you let go on for too long before you addressed it?,cards/last-call/last-call-067-this-rounds-on-me.png,last-call-067-this-rounds-on-me.png
last-call-068,176,Last Call,Straight Up,Have you ever broken off plans with me to be with someone else?,cards/last-call/last-call-068-straight-up.png,last-call-068-straight-up.png
last-call-069,177,Last Call,Straight Up,What’s a way you wish I took better care of myself? Do you think I ever will?,cards/last-call/last-call-069-straight-up.png,last-call-069-straight-up.png
last-call-070,178,Last Call,Straight Up,Do you consider me a name-dropper? What’s the last name you heard me drop?,cards/last-call/last-call-070-straight-up.png,last-call-070-straight-up.png
last-call-071,179,Last Call,Make It a Double,"If I died tomorrow, what regrets would you have about our relationship?",cards/last-call/last-call-071-make-it-a-double.png,last-call-071-make-it-a-double.png
last-call-072,180,Last Call,Straight Up,What’s something I talk about so much that you never need to hear about it again? The topic has been sufficiently covered.,cards/last-call/last-call-072-straight-up.png,last-call-072-straight-up.png
last-call-073,181,Last Call,This Round's On Me,What ethical boundaries are you happy to cross?,cards/last-call/last-call-073-this-rounds-on-me.png,last-call-073-this-rounds-on-me.png
last-call-074,182,Last Call,Straight Up,Is there something that’s difficult to talk about among any of us here? Should we clear the air right now?,cards/last-call/last-call-074-straight-up.png,last-call-074-straight-up.png
last-call-075,183,Last Call,Straight Up,"Of the people here, whose job do you think pays the most? Do you think that person should Venmo each of us twenty bucks?",cards/last-call/last-call-075-straight-up.png,last-call-075-straight-up.png
last-call-076,184,Last Call,Straight Up,Do you have any secrets you keep from me and me only?,cards/last-call/last-call-076-straight-up.png,last-call-076-straight-up.png
last-call-077,185,Last Call,This Round's On Me,What’s the most embarrassing thing you’ve had to ask Google?,cards/last-call/last-call-077-this-rounds-on-me.png,last-call-077-this-rounds-on-me.png
last-call-078,186,Last Call,Straight Up,What’s the meanest thing you’ve ever heard me say about someone else?,cards/last-call/last-call-078-straight-up.png,last-call-078-straight-up.png
last-call-079,187,Last Call,Make It a Double,What’s the biggest lie you’ve put on a résumé? Or seen on someone else’s?,cards/last-call/last-call-079-make-it-a-double.png,last-call-079-make-it-a-double.png
last-call-080,188,Last Call,This Round's On Me,What’s something you think people should never joke about?,cards/last-call/last-call-080-this-rounds-on-me.png,last-call-080-this-rounds-on-me.png
last-call-081,189,Last Call,Straight Up,"What’s the most fundamental difference between us? Should we try to resolve it, or celebrate it?",cards/last-call/last-call-081-straight-up.png,last-call-081-straight-up.png
last-call-082,190,Last Call,Make It a Double,Have you ever done something you’re not proud of for money? (Outside of an official job.),cards/last-call/last-call-082-make-it-a-double.png,last-call-082-make-it-a-double.png
last-call-083,191,Last Call,This Round's On Me,What’s something you miss about your last serious ex?,cards/last-call/last-call-083-this-rounds-on-me.png,last-call-083-this-rounds-on-me.png
last-call-084,192,Last Call,Straight Up,Do you think I have a more dominant or more submissive personality? Do you have any examples?,cards/last-call/last-call-084-straight-up.png,last-call-084-straight-up.png
last-call-085,193,Last Call,Make It a Double,What have you done while intoxicated that you wouldn’t do again?,cards/last-call/last-call-085-make-it-a-double.png,last-call-085-make-it-a-double.png
last-call-086,194,Last Call,Straight Up,What’s something about me that might seem creepy to others? Should I tone it down?,cards/last-call/last-call-086-straight-up.png,last-call-086-straight-up.png
last-call-087,195,Last Call,Straight Up,Do you think I have overachieved or underachieved?,cards/last-call/last-call-087-straight-up.png,last-call-087-straight-up.png
last-call-088,196,Last Call,This Round's On Me,What’s an unpopular opinion you will never let go of?,cards/last-call/last-call-088-this-rounds-on-me.png,last-call-088-this-rounds-on-me.png
last-call-089,197,Last Call,Straight Up,What am I too picky about?,cards/last-call/last-call-089-straight-up.png,last-call-089-straight-up.png
last-call-090,198,Last Call,Make It a Double,What thing do I love that you absolutely hate?,cards/last-call/last-call-090-make-it-a-double.png,last-call-090-make-it-a-double.png
last-call-091,199,Last Call,Straight Up,"Do I tend to be too easy on people, or too harsh?",cards/last-call/last-call-091-straight-up.png,last-call-091-straight-up.png
last-call-092,200,Last Call,Straight Up,Do you think I ever stir up drama because I enjoy it? Name an example.,cards/last-call/last-call-092-straight-up.png,last-call-092-straight-up.png
last-call-093,201,Last Call,This Round's On Me,What album title describes our relationship?,cards/last-call/last-call-093-this-rounds-on-me.png,last-call-093-this-rounds-on-me.png
last-call-094,202,Last Call,This Round's On Me,What’s the most serious crime you’ve ever committed?,cards/last-call/last-call-094-this-rounds-on-me.png,last-call-094-this-rounds-on-me.png
last-call-095,203,Last Call,Straight Up,What’s the disclaimer you give people before they meet me?,cards/last-call/last-call-095-straight-up.png,last-call-095-straight-up.png
last-call-096,204,Last Call,Straight Up,Am I more of an unstoppable force or an immovable object?,cards/last-call/last-call-096-straight-up.png,last-call-096-straight-up.png
last-call-097,205,Last Call,Straight Up,"Who here is most likely to believe in supernatural, occult, or mystical stuff?",cards/last-call/last-call-097-straight-up.png,last-call-097-straight-up.png
last-call-098,206,Last Call,Make It a Double,"If you suspected I had been replaced by a bodysnatcher, what question would you ask me to prove my identity?",cards/last-call/last-call-098-make-it-a-double.png,last-call-098-make-it-a-double.png
last-call-099,207,Last Call,Straight Up,"What’s something about which we have such different taste that if I like it, you already know you’ll hate it?",cards/last-call/last-call-099-straight-up.png,last-call-099-straight-up.png
happy-hour-001,217,Happy Hour,Straight Up,What’s the weirdest compliment you’ve ever gotten?,cards/happy-hour/happy-hour-001-straight-up.png,happy-hour-001-straight-up.png
happy-hour-002,218,Happy Hour,Make It a Double,I can beam you to any single place in the world that you’ve never been. You have 24 hours to visit before being beamed home. Where to?,cards/happy-hour/happy-hour-002-make-it-a-double.png,happy-hour-002-make-it-a-double.png
happy-hour-003,219,Happy Hour,Straight Up,"Describe a way I’ve impacted your life, but that I may not know about.",cards/happy-hour/happy-hour-003-straight-up.png,happy-hour-003-straight-up.png
happy-hour-004,220,Happy Hour,Make It a Double,I’m going to have permanent art deposited into my skin with needles. Pick a design for me. Bonus points if you draw it.,cards/happy-hour/happy-hour-004-make-it-a-double.png,happy-hour-004-make-it-a-double.png
happy-hour-005,221,Happy Hour,Straight Up,Close your eyes before asking this question: What color are my eyes?,cards/happy-hour/happy-hour-005-straight-up.png,happy-hour-005-straight-up.png
happy-hour-006,222,Happy Hour,Straight Up,What’s the biggest fear you’ve overcome?,cards/happy-hour/happy-hour-006-straight-up.png,happy-hour-006-straight-up.png
happy-hour-007,223,Happy Hour,Straight Up,"We’re having a night in! Now’s your chance to make me sit and watch that thing you’re desperate for me to see. What is it, and what snack should I bring?",cards/happy-hour/happy-hour-007-straight-up.png,happy-hour-007-straight-up.png
happy-hour-008,224,Happy Hour,Straight Up,Have you bragged about me to other people? What did you say?,cards/happy-hour/happy-hour-008-straight-up.png,happy-hour-008-straight-up.png
happy-hour-009,225,Happy Hour,This Round's On Me,"If you could instantly gain any skill, what would it be?",cards/happy-hour/happy-hour-009-this-rounds-on-me.png,happy-hour-009-this-rounds-on-me.png
happy-hour-010,226,Happy Hour,Straight Up,What would you entrust me with above anyone else?,cards/happy-hour/happy-hour-010-straight-up.png,happy-hour-010-straight-up.png
happy-hour-011,227,Happy Hour,This Round's On Me,What’s the strangest nickname you’ve ever been given?,cards/happy-hour/happy-hour-011-this-rounds-on-me.png,happy-hour-011-this-rounds-on-me.png
happy-hour-012,228,Happy Hour,Make It a Double,"What would be your cheesy, 20-second, game-show-contestant anecdote?",cards/happy-hour/happy-hour-012-make-it-a-double.png,happy-hour-012-make-it-a-double.png
happy-hour-013,229,Happy Hour,Straight Up,What dish do you slay every time you make it?,cards/happy-hour/happy-hour-013-straight-up.png,happy-hour-013-straight-up.png
happy-hour-014,230,Happy Hour,Straight Up,What smell takes you back to childhood?,cards/happy-hour/happy-hour-014-straight-up.png,happy-hour-014-straight-up.png
happy-hour-015,231,Happy Hour,Straight Up,What discontinued item would you give anything to bring back?,cards/happy-hour/happy-hour-015-straight-up.png,happy-hour-015-straight-up.png
happy-hour-016,232,Happy Hour,Make It a Double,When was the last time you laughed so hard you cried?,cards/happy-hour/happy-hour-016-make-it-a-double.png,happy-hour-016-make-it-a-double.png
happy-hour-017,233,Happy Hour,Straight Up,"What is something you know you’ll accomplish, no matter how many people tell you you can’t?",cards/happy-hour/happy-hour-017-straight-up.png,happy-hour-017-straight-up.png
happy-hour-018,234,Happy Hour,Straight Up,What is your happiest memory from when you were a single- digit-aged child?,cards/happy-hour/happy-hour-018-straight-up.png,happy-hour-018-straight-up.png
happy-hour-019,235,Happy Hour,This Round's On Me,What bad habit have you kicked?,cards/happy-hour/happy-hour-019-this-rounds-on-me.png,happy-hour-019-this-rounds-on-me.png
happy-hour-020,236,Happy Hour,Straight Up,What are you rooting for me to achieve?,cards/happy-hour/happy-hour-020-straight-up.png,happy-hour-020-straight-up.png
happy-hour-021,237,Happy Hour,Straight Up,"If I couldn’t reach an itch, would you do me a solid and scratch it?",cards/happy-hour/happy-hour-021-straight-up.png,happy-hour-021-straight-up.png
happy-hour-022,238,Happy Hour,Make It a Double,What did you do on your very first date ever?,cards/happy-hour/happy-hour-022-make-it-a-double.png,happy-hour-022-make-it-a-double.png
happy-hour-023,239,Happy Hour,Straight Up,Name a dream of yours that you’ve made come true.,cards/happy-hour/happy-hour-023-straight-up.png,happy-hour-023-straight-up.png
happy-hour-024,240,Happy Hour,This Round's On Me,Look at the person to your left. What’s the kindest thing they’ve ever done for you?,cards/happy-hour/happy-hour-024-this-rounds-on-me.png,happy-hour-024-this-rounds-on-me.png
happy-hour-025,241,Happy Hour,Straight Up,What positive impact do you think you have on other people?,cards/happy-hour/happy-hour-025-straight-up.png,happy-hour-025-straight-up.png
happy-hour-026,242,Happy Hour,Straight Up,What’s the hold music for your brain?,cards/happy-hour/happy-hour-026-straight-up.png,happy-hour-026-straight-up.png
happy-hour-027,243,Happy Hour,Make It a Double,What’s your favorite thing to waste money on?,cards/happy-hour/happy-hour-027-make-it-a-double.png,happy-hour-027-make-it-a-double.png
happy-hour-028,244,Happy Hour,Make It a Double,What’s something that completely changed you when you encountered it for the first time?,cards/happy-hour/happy-hour-028-make-it-a-double.png,happy-hour-028-make-it-a-double.png
happy-hour-029,245,Happy Hour,This Round's On Me,What’s the best compliment you’ve ever been given?,cards/happy-hour/happy-hour-029-this-rounds-on-me.png,happy-hour-029-this-rounds-on-me.png
happy-hour-030,246,Happy Hour,Straight Up,"We’re getting matching jackets for this group. What do they look like, and what do they say on the back?",cards/happy-hour/happy-hour-030-straight-up.png,happy-hour-030-straight-up.png
happy-hour-031,247,Happy Hour,This Round's On Me,What’s something you’re proud of that not many people know about?,cards/happy-hour/happy-hour-031-this-rounds-on-me.png,happy-hour-031-this-rounds-on-me.png
happy-hour-032,248,Happy Hour,Make It a Double,On what totally meaningless topic could you write a whole dissertation?,cards/happy-hour/happy-hour-032-make-it-a-double.png,happy-hour-032-make-it-a-double.png
happy-hour-033,249,Happy Hour,This Round's On Me,What album have you spun the most times? Be honest. You can consult your music apps for verification.,cards/happy-hour/happy-hour-033-this-rounds-on-me.png,happy-hour-033-this-rounds-on-me.png
happy-hour-034,250,Happy Hour,Straight Up,"Do you always try to be honest with me, or do you tell me “that haircut looks great” -level white lies to be nice?",cards/happy-hour/happy-hour-034-straight-up.png,happy-hour-034-straight-up.png
happy-hour-035,251,Happy Hour,Straight Up,What movie or TV character do I most remind you of?,cards/happy-hour/happy-hour-035-straight-up.png,happy-hour-035-straight-up.png
happy-hour-036,252,Happy Hour,This Round's On Me,What snack do you turn to in times of emotional turmoil?,cards/happy-hour/happy-hour-036-this-rounds-on-me.png,happy-hour-036-this-rounds-on-me.png
happy-hour-037,253,Happy Hour,Straight Up,Describe a time you accidentally mortified your parents as a child.,cards/happy-hour/happy-hour-037-straight-up.png,happy-hour-037-straight-up.png
happy-hour-038,254,Happy Hour,Straight Up,What’s the best zinger you’ve ever come up with on the fly?,cards/happy-hour/happy-hour-038-straight-up.png,happy-hour-038-straight-up.png
happy-hour-039,255,Happy Hour,This Round's On Me,Describe your first real kiss. Really set the scene for us.,cards/happy-hour/happy-hour-039-this-rounds-on-me.png,happy-hour-039-this-rounds-on-me.png
happy-hour-040,256,Happy Hour,Make It a Double,What is the most comforting sound in the world?,cards/happy-hour/happy-hour-040-make-it-a-double.png,happy-hour-040-make-it-a-double.png
happy-hour-041,257,Happy Hour,Straight Up,Have you ever been in love? How do you know?,cards/happy-hour/happy-hour-041-straight-up.png,happy-hour-041-straight-up.png
happy-hour-042,258,Happy Hour,Straight Up,What’s the most considerate present you’ve ever received? How did you react when you received it?,cards/happy-hour/happy-hour-042-straight-up.png,happy-hour-042-straight-up.png
happy-hour-043,259,Happy Hour,Make It a Double,"Tell me your favorite joke. If I laugh, I drink.",cards/happy-hour/happy-hour-043-make-it-a-double.png,happy-hour-043-make-it-a-double.png
happy-hour-044,260,Happy Hour,Make It a Double,"Does your hometown have a notoriously spooky landmark? A haunted barn, an abandoned hospital, Old Man Macready’s underwater sawmill...?",cards/happy-hour/happy-hour-044-make-it-a-double.png,happy-hour-044-make-it-a-double.png
happy-hour-045,261,Happy Hour,Straight Up,"What’s something you think I’m self-conscious about, but that you think I should stop stressing over?",cards/happy-hour/happy-hour-045-straight-up.png,happy-hour-045-straight-up.png
happy-hour-046,262,Happy Hour,Straight Up,What’s the most fun you’ve ever had with strangers? Tell us the story.,cards/happy-hour/happy-hour-046-straight-up.png,happy-hour-046-straight-up.png
happy-hour-047,263,Happy Hour,Straight Up,Do you think you are happier—or sadder— than the average person? Why?,cards/happy-hour/happy-hour-047-straight-up.png,happy-hour-047-straight-up.png
happy-hour-048,264,Happy Hour,Straight Up,"If I were a perfume or cologne, what would my top, heart, and base notes be?",cards/happy-hour/happy-hour-048-straight-up.png,happy-hour-048-straight-up.png
happy-hour-049,265,Happy Hour,Make It a Double,What movie title describes your last relationship?,cards/happy-hour/happy-hour-049-make-it-a-double.png,happy-hour-049-make-it-a-double.png
happy-hour-050,266,Happy Hour,Straight Up,What movie or TV quote hits a little too close to home?,cards/happy-hour/happy-hour-050-straight-up.png,happy-hour-050-straight-up.png
happy-hour-051,267,Happy Hour,Make It a Double,"What song is guaranteed to hit you right in the feels, no matter the time or place?",cards/happy-hour/happy-hour-051-make-it-a-double.png,happy-hour-051-make-it-a-double.png
happy-hour-052,268,Happy Hour,This Round's On Me,What’s something you think people should appreciate more about you?,cards/happy-hour/happy-hour-052-this-rounds-on-me.png,happy-hour-052-this-rounds-on-me.png
happy-hour-053,269,Happy Hour,Straight Up,"If you could plan the perfect night with all of your friends, what would it entail?",cards/happy-hour/happy-hour-053-straight-up.png,happy-hour-053-straight-up.png
happy-hour-054,270,Happy Hour,Straight Up,"Aside from “moist”, what word can’t you stand the sound of?",cards/happy-hour/happy-hour-054-straight-up.png,happy-hour-054-straight-up.png
happy-hour-055,271,Happy Hour,Straight Up,"If I offered you $4,300 to call my parents every Sunday for a year and give them an update on my life, would you do it?",cards/happy-hour/happy-hour-055-straight-up.png,happy-hour-055-straight-up.png
happy-hour-056,272,Happy Hour,This Round's On Me,Do you have any scars you want to show us? Pick one and tell us the story behind how you got it.,cards/happy-hour/happy-hour-056-this-rounds-on-me.png,happy-hour-056-this-rounds-on-me.png
happy-hour-057,273,Happy Hour,Straight Up,"Of the people here, who is overdue for some kind words? Let’s offer some good vibes now.",cards/happy-hour/happy-hour-057-straight-up.png,happy-hour-057-straight-up.png
happy-hour-058,274,Happy Hour,Straight Up,"If there were no barriers to entry, what job do you think you’d be amazing at?",cards/happy-hour/happy-hour-058-straight-up.png,happy-hour-058-straight-up.png
happy-hour-059,275,Happy Hour,Make It a Double,Tell us about a style choice from your past that you’re glad stayed in the past.,cards/happy-hour/happy-hour-059-make-it-a-double.png,happy-hour-059-make-it-a-double.png
happy-hour-060,276,Happy Hour,Straight Up,What’s the weirdest way you’ve ever earned money? How much did you get?,cards/happy-hour/happy-hour-060-straight-up.png,happy-hour-060-straight-up.png
happy-hour-061,277,Happy Hour,This Round's On Me,"If you could live anyone else’s life, whose would it be?",cards/happy-hour/happy-hour-061-this-rounds-on-me.png,happy-hour-061-this-rounds-on-me.png
happy-hour-062,278,Happy Hour,Straight Up,Have you ever been wildly overpaid? Who paid you and why was it so valuable to them?,cards/happy-hour/happy-hour-062-straight-up.png,happy-hour-062-straight-up.png
happy-hour-063,279,Happy Hour,Straight Up,What song reminds you of me whenever you hear it?,cards/happy-hour/happy-hour-063-straight-up.png,happy-hour-063-straight-up.png
happy-hour-064,280,Happy Hour,This Round's On Me,What makes you so much fun?,cards/happy-hour/happy-hour-064-this-rounds-on-me.png,happy-hour-064-this-rounds-on-me.png
happy-hour-065,281,Happy Hour,Straight Up,What board game are you positive you could destroy us all at?,cards/happy-hour/happy-hour-065-straight-up.png,happy-hour-065-straight-up.png
happy-hour-066,282,Happy Hour,Straight Up,What does your ultimate Sunday look like?,cards/happy-hour/happy-hour-066-straight-up.png,happy-hour-066-straight-up.png
happy-hour-067,283,Happy Hour,Straight Up,What’s one healthy thing you do that most other people probably don’t? Surely there’s something.,cards/happy-hour/happy-hour-067-straight-up.png,happy-hour-067-straight-up.png
happy-hour-068,284,Happy Hour,This Round's On Me,What’s the most common thing people praise or compliment you for?,cards/happy-hour/happy-hour-068-this-rounds-on-me.png,happy-hour-068-this-rounds-on-me.png
happy-hour-069,285,Happy Hour,Straight Up,What’s the most kickass you’ve ever felt?,cards/happy-hour/happy-hour-069-straight-up.png,happy-hour-069-straight-up.png
happy-hour-070,286,Happy Hour,Straight Up,What author’s work meant the most to you when you were younger? Do they still?,cards/happy-hour/happy-hour-070-straight-up.png,happy-hour-070-straight-up.png
happy-hour-071,287,Happy Hour,Make It a Double,"If you were a Care Bear, what would be on your belly?",cards/happy-hour/happy-hour-071-make-it-a-double.png,happy-hour-071-make-it-a-double.png
happy-hour-072,288,Happy Hour,Straight Up,"If dogs and their owners are supposed to have matching personalities, what type of dog should I get?",cards/happy-hour/happy-hour-072-straight-up.png,happy-hour-072-straight-up.png
happy-hour-073,289,Happy Hour,This Round's On Me,"What’s something that you think is better the second time? A cover of a song, reheated leftovers...?",cards/happy-hour/happy-hour-073-this-rounds-on-me.png,happy-hour-073-this-rounds-on-me.png
happy-hour-074,290,Happy Hour,Straight Up,"Tell me a fact you think I don’t know. If I know it, you have to drink.",cards/happy-hour/happy-hour-074-straight-up.png,happy-hour-074-straight-up.png
happy-hour-075,291,Happy Hour,This Round's On Me,What’s the title of your autobiography? Extra imaginary points if it includes a colon and a subtitle.,cards/happy-hour/happy-hour-075-this-rounds-on-me.png,happy-hour-075-this-rounds-on-me.png
happy-hour-076,292,Happy Hour,Make It a Double,What’s something you’ve done to try to be cool? Did you impress anyone?,cards/happy-hour/happy-hour-076-make-it-a-double.png,happy-hour-076-make-it-a-double.png
happy-hour-077,293,Happy Hour,Straight Up,"Would you trust me to pierce your ear, 80’s-sleepover style?",cards/happy-hour/happy-hour-077-straight-up.png,happy-hour-077-straight-up.png
happy-hour-078,294,Happy Hour,Straight Up,"If we were flying somewhere together, who would volunteer to sit in the middle seat?",cards/happy-hour/happy-hour-078-straight-up.png,happy-hour-078-straight-up.png
happy-hour-079,295,Happy Hour,This Round's On Me,What song are you most ashamed to admit to me that you love? Reply in song.,cards/happy-hour/happy-hour-079-this-rounds-on-me.png,happy-hour-079-this-rounds-on-me.png
happy-hour-080,296,Happy Hour,Straight Up,"If someone did me wrong, would you: a) comfort me, b) distract me, or c) get revenge for me?",cards/happy-hour/happy-hour-080-straight-up.png,happy-hour-080-straight-up.png
happy-hour-081,297,Happy Hour,Make It a Double,Describe an act of petty protest you waged at work or school.,cards/happy-hour/happy-hour-081-make-it-a-double.png,happy-hour-081-make-it-a-double.png
happy-hour-082,298,Happy Hour,Straight Up,What’s a situation that is always improved by my presence?,cards/happy-hour/happy-hour-082-straight-up.png,happy-hour-082-straight-up.png
happy-hour-083,299,Happy Hour,Straight Up,What motto would you put on your family crest?,cards/happy-hour/happy-hour-083-straight-up.png,happy-hour-083-straight-up.png
happy-hour-084,300,Happy Hour,Straight Up,What’s the greatest fashion risk you’ve taken as an adult? How cool did you feel?,cards/happy-hour/happy-hour-084-straight-up.png,happy-hour-084-straight-up.png
happy-hour-085,301,Happy Hour,Straight Up,What hidden talent do you suspect I have? What makes you think so?,cards/happy-hour/happy-hour-085-straight-up.png,happy-hour-085-straight-up.png
happy-hour-086,302,Happy Hour,Straight Up,What smell is the most nostalgic for you?,cards/happy-hour/happy-hour-086-straight-up.png,happy-hour-086-straight-up.png
happy-hour-087,303,Happy Hour,Straight Up,"What type of person have you always wanted to date, but never had the chance?",cards/happy-hour/happy-hour-087-straight-up.png,happy-hour-087-straight-up.png
happy-hour-088,304,Happy Hour,Make It a Double,What’s the worst date you’ve ever been on? Tell us all the juicy deets.,cards/happy-hour/happy-hour-088-make-it-a-double.png,happy-hour-088-make-it-a-double.png
happy-hour-089,305,Happy Hour,Straight Up,"What’s something everyone said you would regret, but you didn’t?",cards/happy-hour/happy-hour-089-straight-up.png,happy-hour-089-straight-up.png
happy-hour-090,306,Happy Hour,Straight Up,How would Childhood You describe you now? Would that kid like you?,cards/happy-hour/happy-hour-090-straight-up.png,happy-hour-090-straight-up.png
happy-hour-091,307,Happy Hour,Straight Up,"Out of all of us, whose eyes would you like to see the world through for a day?",cards/happy-hour/happy-hour-091-straight-up.png,happy-hour-091-straight-up.png
happy-hour-092,308,Happy Hour,Make It a Double,"What did you think you would hate, but ended up loving?",cards/happy-hour/happy-hour-092-make-it-a-double.png,happy-hour-092-make-it-a-double.png
happy-hour-093,309,Happy Hour,Straight Up,"Fill in the blank: I don’t care if _________ is for kids, I will still love it until I die. Defend your position.",cards/happy-hour/happy-hour-093-straight-up.png,happy-hour-093-straight-up.png
happy-hour-094,310,Happy Hour,This Round's On Me,Tell us about the one that got away.,cards/happy-hour/happy-hour-094-this-rounds-on-me.png,happy-hour-094-this-rounds-on-me.png
happy-hour-095,311,Happy Hour,Straight Up,What’s the bravest thing you’ve ever done?,cards/happy-hour/happy-hour-095-straight-up.png,happy-hour-095-straight-up.png
happy-hour-096,312,Happy Hour,Straight Up,How many seconds is the ideal hug? Should we all test your hypothesis?,cards/happy-hour/happy-hour-096-straight-up.png,happy-hour-096-straight-up.png
happy-hour-097,313,Happy Hour,Make It a Double,Pay me a sincere and specific compliment.,cards/happy-hour/happy-hour-097-make-it-a-double.png,happy-hour-097-make-it-a-double.png
happy-hour-098,314,Happy Hour,This Round's On Me,What’s the first app you open when you wake up in the morning?,cards/happy-hour/happy-hour-098-this-rounds-on-me.png,happy-hour-098-this-rounds-on-me.png
happy-hour-099,315,Happy Hour,Straight Up,What are you anxious about? Can we reassure you?,cards/happy-hour/happy-hour-099-straight-up.png,happy-hour-099-straight-up.png
extra-dirty-001,325,Extra Dirty,Straight Up,What’s the most surprising discovery you’ve made about your own body?,cards/extra-dirty/extra-dirty-001-straight-up.png,extra-dirty-001-straight-up.png
extra-dirty-002,326,Extra Dirty,Make It a Double,You can send a message back in time to your teenage self about sex. What advice will you impart?,cards/extra-dirty/extra-dirty-002-make-it-a-double.png,extra-dirty-002-make-it-a-double.png
extra-dirty-003,327,Extra Dirty,Straight Up,Are you a good kisser? How do you know?,cards/extra-dirty/extra-dirty-003-straight-up.png,extra-dirty-003-straight-up.png
extra-dirty-004,328,Extra Dirty,Straight Up,Have you ever had to contact past partners for... public health reasons?,cards/extra-dirty/extra-dirty-004-straight-up.png,extra-dirty-004-straight-up.png
extra-dirty-005,329,Extra Dirty,This Round's On Me,Describe your nipples as vividly as possible. Use a size comparison. Dimes or dinner plates?,cards/extra-dirty/extra-dirty-005-this-rounds-on-me.png,extra-dirty-005-this-rounds-on-me.png
extra-dirty-006,330,Extra Dirty,Make It a Double,What’s the sex skill you’re most proud of?,cards/extra-dirty/extra-dirty-006-make-it-a-double.png,extra-dirty-006-make-it-a-double.png
extra-dirty-007,331,Extra Dirty,Straight Up,"What’s a sexual thing you gave a good try, but just couldn’t get into?",cards/extra-dirty/extra-dirty-007-straight-up.png,extra-dirty-007-straight-up.png
extra-dirty-008,332,Extra Dirty,Straight Up,Do you have any porn actually downloaded and saved on your phone? What emergency are you preparing for?,cards/extra-dirty/extra-dirty-008-straight-up.png,extra-dirty-008-straight-up.png
extra-dirty-009,333,Extra Dirty,Straight Up,Have you ever had sex with someone who was already in a committed relationship?,cards/extra-dirty/extra-dirty-009-straight-up.png,extra-dirty-009-straight-up.png
extra-dirty-010,334,Extra Dirty,This Round's On Me,Have you ever walked in on your parents doing that thing that grownups do when they love each other very much?,cards/extra-dirty/extra-dirty-010-this-rounds-on-me.png,extra-dirty-010-this-rounds-on-me.png
extra-dirty-011,335,Extra Dirty,Make It a Double,Give us a passionate example of your dirty talk.,cards/extra-dirty/extra-dirty-011-make-it-a-double.png,extra-dirty-011-make-it-a-double.png
extra-dirty-012,336,Extra Dirty,Straight Up,"What’s the weirdest porn you’ve ever clicked on? Did you watch the whole thing, or just enough?",cards/extra-dirty/extra-dirty-012-straight-up.png,extra-dirty-012-straight-up.png
extra-dirty-013,337,Extra Dirty,This Round's On Me,When was the last time you masturbated? Were you a good lay? Any notes for yourself for next time?,cards/extra-dirty/extra-dirty-013-this-rounds-on-me.png,extra-dirty-013-this-rounds-on-me.png
extra-dirty-014,338,Extra Dirty,Straight Up,Do you see yourself committing to one sexual partner for the rest of your life?,cards/extra-dirty/extra-dirty-014-straight-up.png,extra-dirty-014-straight-up.png
extra-dirty-015,339,Extra Dirty,Straight Up,"If you and I were in a porn together, what would its clickbait title be? Would it live up to that promise?",cards/extra-dirty/extra-dirty-015-straight-up.png,extra-dirty-015-straight-up.png
extra-dirty-016,340,Extra Dirty,Straight Up,Tell us about an awkward or unexpected sex dream you’ve had. Was anyone here involved?,cards/extra-dirty/extra-dirty-016-straight-up.png,extra-dirty-016-straight-up.png
extra-dirty-017,341,Extra Dirty,Make It a Double,Inadvertent nudity. Tell us about when it happened to you.,cards/extra-dirty/extra-dirty-017-make-it-a-double.png,extra-dirty-017-make-it-a-double.png
extra-dirty-018,342,Extra Dirty,Straight Up,"Who’s had more sex, you or your parents?",cards/extra-dirty/extra-dirty-018-straight-up.png,extra-dirty-018-straight-up.png
extra-dirty-019,343,Extra Dirty,Straight Up,"Tell us about the first time you ever saw porn. Did you seek it out, or did you just happen upon it?",cards/extra-dirty/extra-dirty-019-straight-up.png,extra-dirty-019-straight-up.png
extra-dirty-020,344,Extra Dirty,This Round's On Me,Describe one of the finest and most memorable orgasms you ever had. What were the conditions?,cards/extra-dirty/extra-dirty-020-this-rounds-on-me.png,extra-dirty-020-this-rounds-on-me.png
extra-dirty-021,345,Extra Dirty,Straight Up,Have you ever slid into someone’s DMs? Any techniques you want to share?,cards/extra-dirty/extra-dirty-021-straight-up.png,extra-dirty-021-straight-up.png
extra-dirty-022,346,Extra Dirty,Straight Up,Do you find me physically attractive? What if I bat my eyelashes like this?,cards/extra-dirty/extra-dirty-022-straight-up.png,extra-dirty-022-straight-up.png
extra-dirty-023,347,Extra Dirty,Straight Up,How much money would a voyeuristic billionaire have to pay us for us to have sex for their entertainment?,cards/extra-dirty/extra-dirty-023-straight-up.png,extra-dirty-023-straight-up.png
extra-dirty-024,348,Extra Dirty,Make It a Double,Where’s the strangest place you’ve had sex?,cards/extra-dirty/extra-dirty-024-make-it-a-double.png,extra-dirty-024-make-it-a-double.png
extra-dirty-025,349,Extra Dirty,Straight Up,Have you ever gotten down in public?,cards/extra-dirty/extra-dirty-025-straight-up.png,extra-dirty-025-straight-up.png
extra-dirty-026,350,Extra Dirty,This Round's On Me,"Who do you think has had more sexual partners, you or me?",cards/extra-dirty/extra-dirty-026-this-rounds-on-me.png,extra-dirty-026-this-rounds-on-me.png
extra-dirty-027,351,Extra Dirty,Straight Up,Have you ever feared for your life or safety while drinking or on drugs? Take us to the scene.,cards/extra-dirty/extra-dirty-027-straight-up.png,extra-dirty-027-straight-up.png
extra-dirty-028,352,Extra Dirty,Straight Up,"Describe the perfect foreplay: what activities, and for how long?",cards/extra-dirty/extra-dirty-028-straight-up.png,extra-dirty-028-straight-up.png
extra-dirty-029,353,Extra Dirty,This Round's On Me,What’s the maximum number of people you’d be interested in having sex with at once?,cards/extra-dirty/extra-dirty-029-this-rounds-on-me.png,extra-dirty-029-this-rounds-on-me.png
extra-dirty-030,354,Extra Dirty,Straight Up,"Are you more sexperimental, or less sexperimental, than the average person?",cards/extra-dirty/extra-dirty-030-straight-up.png,extra-dirty-030-straight-up.png
extra-dirty-031,355,Extra Dirty,Make It a Double,"What would it take for us to have sex, right here, right now? With everyone watching?",cards/extra-dirty/extra-dirty-031-make-it-a-double.png,extra-dirty-031-make-it-a-double.png
extra-dirty-032,356,Extra Dirty,Straight Up,What are (or would be) your ground rules for an open relationship?,cards/extra-dirty/extra-dirty-032-straight-up.png,extra-dirty-032-straight-up.png
extra-dirty-033,357,Extra Dirty,Straight Up,"How confident are you in your sexual orientation? Have you ever experimented ouside of it, or considered it? Do you think you ever will?",cards/extra-dirty/extra-dirty-033-straight-up.png,extra-dirty-033-straight-up.png
extra-dirty-034,358,Extra Dirty,This Round's On Me,"Have you ever had a one-night stand? Did you know their last name, and do you remember it now?",cards/extra-dirty/extra-dirty-034-this-rounds-on-me.png,extra-dirty-034-this-rounds-on-me.png
extra-dirty-035,359,Extra Dirty,Straight Up,What’s your most- complimented anatomical feature (as described by your lovers?),cards/extra-dirty/extra-dirty-035-straight-up.png,extra-dirty-035-straight-up.png
extra-dirty-036,360,Extra Dirty,Straight Up,"If you can abstain from sex and masturbation for one full year, you’ll win $27,000 and a nice used car. Will you make it?",cards/extra-dirty/extra-dirty-036-straight-up.png,extra-dirty-036-straight-up.png
extra-dirty-037,361,Extra Dirty,Straight Up,How did your parents talk to you about sex? Did you learn more about it from them or elsewhere?,cards/extra-dirty/extra-dirty-037-straight-up.png,extra-dirty-037-straight-up.png
extra-dirty-038,362,Extra Dirty,Make It a Double,Food and sex. Tell us about an experience involving both.,cards/extra-dirty/extra-dirty-038-make-it-a-double.png,extra-dirty-038-make-it-a-double.png
extra-dirty-039,363,Extra Dirty,Straight Up,List all the illicit drugs you’ve tried. Which others would you like to try?,cards/extra-dirty/extra-dirty-039-straight-up.png,extra-dirty-039-straight-up.png
extra-dirty-040,364,Extra Dirty,Straight Up,"We’re all making a porn together! Who among us stars, who writes, who directs...? Assign jobs to everyone here.",cards/extra-dirty/extra-dirty-040-straight-up.png,extra-dirty-040-straight-up.png
extra-dirty-041,365,Extra Dirty,Straight Up,Have you ever cheated on anyone? What were the circumstances?,cards/extra-dirty/extra-dirty-041-straight-up.png,extra-dirty-041-straight-up.png
extra-dirty-042,366,Extra Dirty,This Round's On Me,"Eating ass. Have you done it, or had it done to you? Tell us everything.",cards/extra-dirty/extra-dirty-042-this-rounds-on-me.png,extra-dirty-042-this-rounds-on-me.png
extra-dirty-043,367,Extra Dirty,Straight Up,"Do you need an emotional connection to have great sex? If you’ve had a spectacular hookup that was purely physical, tell us everything.",cards/extra-dirty/extra-dirty-043-straight-up.png,extra-dirty-043-straight-up.png
extra-dirty-044,368,Extra Dirty,This Round's On Me,"Assuming we were both single, would you hook up with me? How desperate would you have to be?",cards/extra-dirty/extra-dirty-044-this-rounds-on-me.png,extra-dirty-044-this-rounds-on-me.png
extra-dirty-045,369,Extra Dirty,Straight Up,Tell us about a time in which a romantic partner just didn’t understand how to do a certain sex thing.,cards/extra-dirty/extra-dirty-045-straight-up.png,extra-dirty-045-straight-up.png
extra-dirty-046,370,Extra Dirty,Make It a Double,What’s the best compliment you’ve ever gotten on your sexual performance?,cards/extra-dirty/extra-dirty-046-make-it-a-double.png,extra-dirty-046-make-it-a-double.png
extra-dirty-047,371,Extra Dirty,This Round's On Me,How many people have you hooked up with off dating apps?,cards/extra-dirty/extra-dirty-047-this-rounds-on-me.png,extra-dirty-047-this-rounds-on-me.png
extra-dirty-048,372,Extra Dirty,Straight Up,"If a studio were to make porn specifically for you, tailored to your specific tastes, what would it be like?",cards/extra-dirty/extra-dirty-048-straight-up.png,extra-dirty-048-straight-up.png
extra-dirty-049,373,Extra Dirty,This Round's On Me,"What’s a sex thing you’ve never been able to try, but wish you could?",cards/extra-dirty/extra-dirty-049-this-rounds-on-me.png,extra-dirty-049-this-rounds-on-me.png
extra-dirty-050,374,Extra Dirty,Straight Up,"If your sex life was a pie chart, what portion of it would be: satisfactory, unsatisfactory, and mind-blowing?",cards/extra-dirty/extra-dirty-050-straight-up.png,extra-dirty-050-straight-up.png
extra-dirty-051,375,Extra Dirty,Straight Up,"Have you ever paid for porn? If not, how much do you owe the porn industry? You know those people work hard.",cards/extra-dirty/extra-dirty-051-straight-up.png,extra-dirty-051-straight-up.png
extra-dirty-052,376,Extra Dirty,This Round's On Me,Describe the present state of your pubic hair.,cards/extra-dirty/extra-dirty-052-this-rounds-on-me.png,extra-dirty-052-this-rounds-on-me.png
extra-dirty-053,377,Extra Dirty,Straight Up,"If I cheat on my partner, is it absolutely essential that I tell them? Why or why not?",cards/extra-dirty/extra-dirty-053-straight-up.png,extra-dirty-053-straight-up.png
extra-dirty-054,378,Extra Dirty,Straight Up,Would you be (or have you been) a “guest star” in another couple’s bedroom?,cards/extra-dirty/extra-dirty-054-straight-up.png,extra-dirty-054-straight-up.png
extra-dirty-055,379,Extra Dirty,Make It a Double,What scared you the most about sex as you were coming of age?,cards/extra-dirty/extra-dirty-055-make-it-a-double.png,extra-dirty-055-make-it-a-double.png
extra-dirty-056,380,Extra Dirty,Straight Up,Do you have recurring fantasies that surprise you? Would they surprise us? Try us.,cards/extra-dirty/extra-dirty-056-straight-up.png,extra-dirty-056-straight-up.png
extra-dirty-057,381,Extra Dirty,Straight Up,What is your favorite sexual position and why?,cards/extra-dirty/extra-dirty-057-straight-up.png,extra-dirty-057-straight-up.png
extra-dirty-058,382,Extra Dirty,Make It a Double,"What’s the biggest mess you’ve created during sex? Did you have to clean it up, or did you leave it for someone else?",cards/extra-dirty/extra-dirty-058-make-it-a-double.png,extra-dirty-058-make-it-a-double.png
extra-dirty-059,383,Extra Dirty,This Round's On Me,"Have you ever sent nudes? How do you compose, frame, and light these images?",cards/extra-dirty/extra-dirty-059-this-rounds-on-me.png,extra-dirty-059-this-rounds-on-me.png
extra-dirty-060,384,Extra Dirty,Straight Up,How open are you about your most intimate fantasies with your partner(s)?,cards/extra-dirty/extra-dirty-060-straight-up.png,extra-dirty-060-straight-up.png
extra-dirty-061,385,Extra Dirty,Straight Up,Do you think you’re better suited to open relationships or monogamy? Have you tried each?,cards/extra-dirty/extra-dirty-061-straight-up.png,extra-dirty-061-straight-up.png
extra-dirty-062,386,Extra Dirty,Straight Up,Have you ever paid for sex work? Would you?,cards/extra-dirty/extra-dirty-062-straight-up.png,extra-dirty-062-straight-up.png
extra-dirty-063,387,Extra Dirty,Straight Up,Which of your hookups created the most drama? Was there permanent fallout?,cards/extra-dirty/extra-dirty-063-straight-up.png,extra-dirty-063-straight-up.png
extra-dirty-064,388,Extra Dirty,This Round's On Me,"Have you ever had a threesome? If you haven’t yet, build your ideal trio.",cards/extra-dirty/extra-dirty-064-this-rounds-on-me.png,extra-dirty-064-this-rounds-on-me.png
extra-dirty-065,389,Extra Dirty,Straight Up,Who was the last person (besides your partner or your kids) whose junk you’ve seen?,cards/extra-dirty/extra-dirty-065-straight-up.png,extra-dirty-065-straight-up.png
extra-dirty-066,390,Extra Dirty,Straight Up,"Have you ever worn someone else’s underwear, accidentally or on purpose? What was the circumstance?",cards/extra-dirty/extra-dirty-066-straight-up.png,extra-dirty-066-straight-up.png
extra-dirty-067,391,Extra Dirty,Make It a Double,Are you loud during sex? Demonstrate with a dramatic interpretation of your signature sex sounds.,cards/extra-dirty/extra-dirty-067-make-it-a-double.png,extra-dirty-067-make-it-a-double.png
extra-dirty-068,392,Extra Dirty,Straight Up,"Have you ever cried after—or during—sex? Were they tears of joy, love, or utter disappointment?",cards/extra-dirty/extra-dirty-068-straight-up.png,extra-dirty-068-straight-up.png
extra-dirty-069,393,Extra Dirty,This Round's On Me,What’s the last object you put inside yourself or another person?,cards/extra-dirty/extra-dirty-069-this-rounds-on-me.png,extra-dirty-069-this-rounds-on-me.png
extra-dirty-070,394,Extra Dirty,This Round's On Me,Have you ever been caught masturbating or having sex?,cards/extra-dirty/extra-dirty-070-this-rounds-on-me.png,extra-dirty-070-this-rounds-on-me.png
extra-dirty-071,395,Extra Dirty,This Round's On Me,Have I gotten sexier since you’ve known me?,cards/extra-dirty/extra-dirty-071-this-rounds-on-me.png,extra-dirty-071-this-rounds-on-me.png
extra-dirty-072,396,Extra Dirty,Straight Up,What sex-related word are you not sure how to pronounce?,cards/extra-dirty/extra-dirty-072-straight-up.png,extra-dirty-072-straight-up.png
extra-dirty-073,397,Extra Dirty,Straight Up,Have you ever filmed yourself having sex? What did you do with the footage?,cards/extra-dirty/extra-dirty-073-straight-up.png,extra-dirty-073-straight-up.png
extra-dirty-074,398,Extra Dirty,Make It a Double,How would your partner (or your most recent ex) describe your sex life with a movie title?,cards/extra-dirty/extra-dirty-074-make-it-a-double.png,extra-dirty-074-make-it-a-double.png
extra-dirty-075,399,Extra Dirty,Straight Up,"What’s something you wish your ex would have done sexually, but didn’t?",cards/extra-dirty/extra-dirty-075-straight-up.png,extra-dirty-075-straight-up.png
extra-dirty-076,400,Extra Dirty,Straight Up,What would it take for you to sleep with someone you’re not at all physically attracted to?,cards/extra-dirty/extra-dirty-076-straight-up.png,extra-dirty-076-straight-up.png
extra-dirty-077,401,Extra Dirty,Straight Up,How confident are you in your oral sex skills? What feedback have you gotten?,cards/extra-dirty/extra-dirty-077-straight-up.png,extra-dirty-077-straight-up.png
extra-dirty-078,402,Extra Dirty,This Round's On Me,Looking for a weird but true story about an inappropriate boner.,cards/extra-dirty/extra-dirty-078-this-rounds-on-me.png,extra-dirty-078-this-rounds-on-me.png
extra-dirty-079,403,Extra Dirty,Make It a Double,"Describe your sex life with a movie title, and tell us your reasoning.",cards/extra-dirty/extra-dirty-079-make-it-a-double.png,extra-dirty-079-make-it-a-double.png
extra-dirty-080,404,Extra Dirty,Make It a Double,Describe your sex life with a song title.,cards/extra-dirty/extra-dirty-080-make-it-a-double.png,extra-dirty-080-make-it-a-double.png
extra-dirty-081,405,Extra Dirty,Straight Up,"What’s the most creative you’ve ever had to get in order to smash? What was standing in your way, and how did you solve it?",cards/extra-dirty/extra-dirty-081-straight-up.png,extra-dirty-081-straight-up.png
extra-dirty-082,406,Extra Dirty,Straight Up,Imagine we’re your future (or current) children. Tell us how babies are made.,cards/extra-dirty/extra-dirty-082-straight-up.png,extra-dirty-082-straight-up.png
extra-dirty-083,407,Extra Dirty,This Round's On Me,"Who here do you think you’d be most sexually compatible with? Present and past partners excluded. Remember, this is just hypothetical.",cards/extra-dirty/extra-dirty-083-this-rounds-on-me.png,extra-dirty-083-this-rounds-on-me.png
extra-dirty-084,408,Extra Dirty,Straight Up,What did you observe from porn that you later realized was unrealistic? How’d you make this discovery?,cards/extra-dirty/extra-dirty-084-straight-up.png,extra-dirty-084-straight-up.png
extra-dirty-085,409,Extra Dirty,Make It a Double,Do you have a go-to sex move? Where did you learn it?,cards/extra-dirty/extra-dirty-085-make-it-a-double.png,extra-dirty-085-make-it-a-double.png
extra-dirty-086,410,Extra Dirty,Straight Up,Who was the last person (besides your partner or your doctor) who’s seen your junk?,cards/extra-dirty/extra-dirty-086-straight-up.png,extra-dirty-086-straight-up.png
extra-dirty-087,411,Extra Dirty,Straight Up,"If you had to write a quick-start guide to getting you off, what are the key bullet points?",cards/extra-dirty/extra-dirty-087-straight-up.png,extra-dirty-087-straight-up.png
extra-dirty-088,412,Extra Dirty,Straight Up,What’s the kinkiest thing you’ve asked someone else to do? Did they oblige?,cards/extra-dirty/extra-dirty-088-straight-up.png,extra-dirty-088-straight-up.png
extra-dirty-089,413,Extra Dirty,Straight Up,"If we were stuck on a desert island, how many days until we fuck out of boredom?",cards/extra-dirty/extra-dirty-089-straight-up.png,extra-dirty-089-straight-up.png
extra-dirty-090,414,Extra Dirty,This Round's On Me,Have you ever been injured during sex? Or injured someone else? Heartbreaks don’t count.,cards/extra-dirty/extra-dirty-090-this-rounds-on-me.png,extra-dirty-090-this-rounds-on-me.png
extra-dirty-091,415,Extra Dirty,Straight Up,Quick! Name your favorite porn star. And tell us about all the wonderful qualities that make them special.,cards/extra-dirty/extra-dirty-091-straight-up.png,extra-dirty-091-straight-up.png
extra-dirty-092,416,Extra Dirty,This Round's On Me,"If I had a hot sibling, would they be off-limits, sex-wise?",cards/extra-dirty/extra-dirty-092-this-rounds-on-me.png,extra-dirty-092-this-rounds-on-me.png
extra-dirty-093,417,Extra Dirty,Straight Up,"If I had a hot parent, would you let them seduce you?",cards/extra-dirty/extra-dirty-093-straight-up.png,extra-dirty-093-straight-up.png
extra-dirty-094,418,Extra Dirty,Make It a Double,What will be the sexy nickname they give you when you live at the old-folks’ home?,cards/extra-dirty/extra-dirty-094-make-it-a-double.png,extra-dirty-094-make-it-a-double.png
extra-dirty-095,419,Extra Dirty,This Round's On Me,Describe your first time having sex. Include every cringey detail.,cards/extra-dirty/extra-dirty-095-this-rounds-on-me.png,extra-dirty-095-this-rounds-on-me.png
extra-dirty-096,420,Extra Dirty,This Round's On Me,When was the last time you were tested for a sexually transmitted infection? What were the results?,cards/extra-dirty/extra-dirty-096-this-rounds-on-me.png,extra-dirty-096-this-rounds-on-me.png
extra-dirty-097,421,Extra Dirty,Straight Up,"On the spectrum of “sober as a judge” to “falling-down drunk,” where do you have the best sex?",cards/extra-dirty/extra-dirty-097-straight-up.png,extra-dirty-097-straight-up.png
extra-dirty-098,422,Extra Dirty,Straight Up,Do you have an age ceiling for a one-night stand?,cards/extra-dirty/extra-dirty-098-straight-up.png,extra-dirty-098-straight-up.png
extra-dirty-099,423,Extra Dirty,This Round's On Me,Who here would have the best sexual chemistry with me? Based upon what evidence?,cards/extra-dirty/extra-dirty-099-this-rounds-on-me.png,extra-dirty-099-this-rounds-on-me.png
